{
  "lang":"en",
  "name":"pipeline",
  "version":"0.0.0",
  "spacy_version":">=3.5.1,<3.6.0",
  "description":"",
  "author":"",
  "email":"",
  "url":"",
  "license":"",
  "spacy_git_version":"Unknown",
  "vectors":{
    "width":0,
    "vectors":0,
    "keys":0,
    "name":null,
    "mode":"default"
  },
  "labels":{
    "tok2vec":[

    ],
    "ner":[
      "DISH"
    ]
  },
  "pipeline":[
    "tok2vec",
    "ner"
  ],
  "components":[
    "tok2vec",
    "ner"
  ],
  "disabled":[

  ],
  "performance":{
    "ents_f":0.5558583106,
    "ents_p":0.5151515152,
    "ents_r":0.6035502959,
    "ents_per_type":{
      "DISH":{
        "p":0.5151515152,
        "r":0.6035502959,
        "f":0.5558583106
      }
    },
    "tok2vec_loss":297.1789213235,
    "ner_loss":758.9337752071
  }
}